contact_id,client_id,contact_first_name,contact_last_name,contact_role,contact_phone,contact_email
1,1000,Prue,Jocelyn,Librarian,7256669131,pjocelyn0@etsy.com
2,1000,Bernita,Ikringill,Recruiter,5376146159,bikringill1@icq.com
3,1001,Fernande,Gutsell,Nurse,2869695563,fgutsell2@adobe.com
4,1001,Egan,Audsley,Executive Secretary,7097791874,eaudsley3@rakuten.co.jp
5,1002,Richardo,Naire,Tax Accountant,2205587954,rnaire4@freewebs.com
6,1002,Abbey,Ulyatt,Occupational Therapist,1413389159,aulyatt5@4shared.com
7,1003,Lemmy,Hallsworth,Actuary,1118238760,lhallsworth6@mac.com
8,1003,Wilow,Fieldsend,Project Manager,2907826184,wfieldsend7@utexas.edu
9,1004,Drusilla,Wogden,Senior Sales Associate,2578804444,dwogden8@mediafire.com
10,1004,Zack,Flippen,Chemical Engineer,1574303311,zflippen9@symantec.com
11,1005,Norean,Penson,Account Executive,6102740804,npensona@topsy.com
12,1005,Carolus,Cullum,VP Accounting,4209588153,ccullumb@smugmug.com
13,1006,Elnora,Lewsam,Assistant Media Planner,3113549024,elewsamc@nytimes.com
14,1006,Dion,Stummeyer,Senior Editor,8196208120,dstummeyerd@jalbum.net
15,1007,Irving,Chastenet,Developer I,8264940262,ichastenete@weibo.com
16,1007,Ulrike,Torre,Senior Sales Associate,8369561327,utorref@jugem.jp
17,1008,Brendon,Swyre,Actuary,4763939547,bswyreg@msn.com
18,1008,Easter,Benninger,General Manager,8739911009,ebenningerh@w3.org
19,1009,Kerstin,Gilford,Paralegal,8542324110,kgilfordi@mediafire.com
20,1009,Quinlan,Armfirld,Web Developer III,5384379023,qarmfirldj@msn.com
21,1010,Nicol,Karpets,Statistician I,8091013035,nkarpetsk@infoseek.co.jp
22,1010,Berny,Nyssens,Professor,7484568499,bnyssensl@sciencedaily.com
23,1011,Darius,Crosswaite,Computer Systems Analyst IV,2074578711,dcrosswaitem@dailymotion.com
24,1011,Tiffie,Starbeck,Teacher,8121853802,tstarbeckn@xrea.com
25,1012,Adey,Ochterlony,Help Desk Operator,9093295348,aochterlonyo@yolasite.com
26,1012,Madison,Danniel,Dental Hygienist,2453539570,mdannielp@bbb.org
27,1013,Virginie,Sole,Biostatistician IV,1959993315,vsoleq@ucoz.com
28,1013,Jacquie,Pelz,Actuary,8277178899,jpelzr@photobucket.com
29,1014,Alaric,Carass,Research Associate,5488737193,acarasss@scientificamerican.com
30,1014,Vito,Bunten,Operator,8921783236,vbuntent@yellowbook.com
31,1015,Brigg,Lambarton,Occupational Therapist,2101619496,blambartonu@blog.com
32,1015,Christi,Ratter,Quality Control Specialist,5923431420,cratterv@unesco.org
33,1016,Michele,Wollaston,Research Nurse,3897800503,mwollastonw@weibo.com
34,1016,Zolly,Greave,VP Accounting,8028521996,zgreavex@walmart.com
35,1017,Talyah,Riba,Paralegal,4653554267,tribay@bigcartel.com
36,1017,Darlene,Learned,Business Systems Development Analyst,2442694371,dlearnedz@eepurl.com
37,1018,Melisenda,Bascomb,Analyst Programmer,3884824159,mbascomb10@craigslist.org
38,1018,Eilis,Sessuns,Systems Administrator II,3985383003,esessuns11@admin.ch
39,1019,Lauree,Bartel,Computer Systems Analyst III,1037869449,lbartel12@a8.net
40,1019,Derry,Gillanders,Accounting Assistant IV,4186360721,dgillanders13@phoca.cz
